91,98,105,112,120,127,134,141,148,155,163,170,177,184,191,199,206,214,222,230,237,242
230,222,213,203,193,184,174,165,155,145,136,126,117,107,97,88,78,68,59,49,40,30
36,45,55,64,74,83,93,102,112,121,131,141,150,160,168,175
169,159,150,140,131,121,111,101,91,81,71,61,51,41,31,21
29,39
21,31,41,51,61,71,81,91,100,110,120,129
120,112,102,93,83,73,63,54,44,34,24
21,31,41,51,61,71,81,91,101,111,121,131,141,151,161,170,180,190,200,210,220,229,237
247,240,232,224,216,207,198,189,180,171,162,153,144,135,126,117,108,98,89,80,71,62,53,44
37,46,56,65,74,84,93,102,110
127,119,111,103,95,86,78,69,61
70,78,86,94,102,110,118,126,134,142,150,158,166,174,182,190,198,206,214,222,230,238,246,254,262,270,280,289,299,309,319,328,338,348,358,368,377,387,397,407,416,426,436,446,455,465,475,485,494,504,514
517,507,497,487,477,468,458,449,439,430
436,444,452,462,471,480,490,499,509
504,495,485,476,467,458,449,440,431,422,413,405,396,387
371,380,390,399,409,419,429,439,449,459,469,479,489,499,509,519
519,509,499,489,479,469,459,449,439,429,419,409,399,389,379,369,359,349,339,329,320,310,301,291,284
287,293,301,308,316,324,331,339,347,354,362,370,377,385,393,401,408,416,424,431,439,447,454,462
472,464,456,448,440,432,424,415,408
384,391,397,403,410,417,424,430,437
424,418,412,405,399,393,387,381,375,368,362,356,350,344,337,331,325,319,314,310
292,294,298,301,304,308,311,314,317,320,324,327,330,333,336,339,342,346,349,353,357,360,364
348,345,342,339,336,332,329,326,323,320,317,314,311,307,304,301,298,295,292,289,286,283,279,276,272,269
258,252,245,238,230,222,214,205,197,189,181,173,165,157,149,141,133,125,116,108,100,92,84,76,68
59,67,76,84,93,101,109,117,125,134,142,150,158,166,174,182,190,198,206,213
214,208,199,190,180,171,161,151,142,132,123,113,104,94,84,75,65,55,46,36,26
23,33,43,53,63,72,82,91,101
104,96,88,79,70,60,51,42
50,59,68,76,85,94,102,110,118,126,135,143
154,147,140,132,124,117,110,102,94,87,79
104,111,117,124,131,138,145,152,159,166,173,180,187,193,199,204
230,224,219,214,209,204,198,192,187,181,176,170,164,159,153,148,142,137,131
117,123,129,136,142,147,154,160,166
195,190,186,181,176,171,166,161,156,151,146
162,166,171,175,179,184,188,192,197,201,205,210,214,219,223,227,232,236,240,245,249,253,258,261
268,264,260,256,252,248,244,240,236,233,230,227,224,221,218,215,212,209,206,203,200,197,194
178,182,185,189,192,196,200,203,207,210,214
234,232,229,228,225,223,221,218,216,213,211
228,230,231,233,235,236,238,240,241,243,245,246,248,250,252,254,257,260,264,267,271,273
278,275,272,270,268,267,266,266,266,265,265,265,264,264,264,263,263,263,262,262
245,246,247,248,249,250,251,252,253,254,255
276,276,276,277,278,278,278,279,279,280,280
297,296,295,294,293,292,291,290,288,287,286,285,284,283,282,282,283,284
292,293,296,297,299,300,301,303,304,305,306,308,309,310,312,314
331,329,326,324,322,319,317,315,313
337,341,345,348,351,355,359,363,367,371,376,380
395,390,385,380,375,370,365,361
410,404,399,393,387,381,375,369,363,357,351,345,339,333,328,324
341,347,354,361,368,376,384,391,399,406,414,421,428,436,443,450
482,473,465,456,448,439,431,422,413,404,395,387,378,370,362,355
357,365,374,384,393,403,413,423,432,442,452,462,471,481,491,500,510
514,504,494,485,475,465,455,445,436,426,416,406,396,387,377,367,357,348,339
323,330,340,350,360,370,379,389,399,409,419,429,439,449,459,469,479,489,499,509,519
517,507,497,487,477,468,458,448,439,429
441,449,458,467,477,486,496,505
498,489,480,471,461,453,444,435,426,417,408,399,391
308,315,323,331,340,348,357,366,375,384,393,402,410,419,428,437,446,455,463,472,481,490
347,355,364,373,381,390,399,408,416,425,434,443,452,461,470,479,488,497
489,480,471,463,454,445,436,428,419,410,401,392,384,375,366,357,349,341,334,327,322
301,306,313,320,327,333,340,347,354,361,368,376,383,391,398,406,414,421,429,436,444,451,459
447,441,435,428,421,414,407,400
378,384,389,395,401,407,413,420,426
439,432,425,419,412,405,398,392,385,378,371,365,358,351,344,337,331,324,317,310,304,297,290,283,276
269,271,271,272,272,273,273,274,274,275,275,276,276,277,277,278,278,279,279,280,280,281,281,282
299,298,297,295,294,293,292,291,290,288,287
266,266,266,266,266,265,265,265,265,264,264
247,248,249,250,251,252,253,254,254,255,256,257,258,259,260,260,260,260,260,259,259,260,260
258,253,246,238,230,223,215,207,200,192,185,178,171,164,157,150,143,136,128,121,114,107,100,93
106,113,119,126,133,139,146,153,160,167,174,181,188,195,202,209,216,224,229
249,248,248,247,247,245,244,243,242,241,241,240,239,237,236,235,233,232,230
213,215,217,220,222,224,226,228,230
216,213,209,205,201,198,194,191,187,184,180
164,168,172,177,181,185,189,194,198,202,206,211,215,219,223,228,232,236,240,244,247
283,289,294,299,303,308,312,316,320,323,327,331,335,339,343,347,351,354,358,362,366
350,347,343,340,337,333,329,326,322,318,314,311,307,303,300,296,292,288,284
286,288,290,293,295,297,299,301,303,305,307,309,310,312,314,316
333,330,328,325,323,320,317,315,312,310
334,338,342,346,351,355,359,364,368,373,377,382
397,392,387,382,377,372,366,361,356,351,346,341,336,331,326,321,315,310,305,299,293,287,282
209,202,193,183,173,164,154,144,134,125,115,105,95,86,76,66,56,47,37,27
31,41,50,60,69,79,89,98,108,118,128,137,147,156,165,172
184,176,167,159,150,141,132,123,114,105,96,87,78,69,61,52
81,89,96,104,111,119,127,134,142,149,156
188,183,178,174,169,164,159,154,149,144,138,133
119,125,131,137,143,149,154
148,153,158,163,167,172,176,181,185,190,194,198,202,206,212,217
237,234,232,230,229,226,223,220,217,214,211,208,205,202,199,196
336,342,347,353,358,363,368,374,379,384,390,395,401,406,412
470,462,454,446,438,430,423,415,407,400,392,384,377,369,362
415,422,430,438,446,455,463,472,480
