245,238,228,219,210,201,192,183,173,164,155,146,136,127,119,110,101,92,84,76,67,59,51,43,35,28,20
20
22,20
20,23
20,26,34,41,49,57,65,73,81,90,98,106,114,123,131,139
106,97,87,77,68,58,48,39,30,20
20,29,39,49,59,68,79,89,98,108,118,128,138,148
178,169,160,151,142,132,123,114,104,95,87,78,69,61,52,44,36,28,20
20
20,27,36,45,54,63,72,81,90,100,109,118,128,138,147,157,167,176,186,196,205,215
21
22
22,27,33,39,45,52,59,65,71,78
22,27,33,38,43,48,54,60,66,72,79,86,93,100,107,115,122,130,138,146,155
52,42,32,22
22,30
23,33,42,52,62,71,81,91,101,111,121,131,140
178,169,160,150,141,131,122,112,103,94,84,75,66,58,49,40,32,23
23
23,32,41,50,59,68,78,87,96,106,116,125,135,145,154,164,174,184,194,203,213
278,269,259,250,241,232,223,214,205,196,187,179,170,162,154,146,138,130,122,115,107,100,94,87,80,74,68,62,56,51,46,42,37,33,30,27,24,23,23,23,23,23,23,23,23,23,23,23,23,23,23,23,23,23,23,23,23,23,23,23,23,23,23,23,23,25,28,31,35,39,43,48,53,58,64,70,76,83,89,96,103,110,118,125,133,141,149,157,165,173,182,190,199,208,217,226,235,244,254,263,272
242,232,223,214,205,197,188,179,171,162,154,146,137,129,121,113,105,96,88,81,73,65,58,51,43,36,30,23
23,32,41,50,60
73,63,53,43,33,23
23,27
23,31,40,47,55,63,72,80,89,98,106
88,79,70,61,51,41,32,23
93,86,78,71,64,57,51,44,37,30,24
25,31,37
26,35,44,52,61
37,31
322,313,303,293,284,274,265,256,246,237,228,219,210,201,193,184,176,167,159,151,143,136,128,121,114,106,100,93,87,81,75,69,64,59,54,50,47,43,40,38,38,38,38,38,38,38,38,38,38,38,38,38,38,38,38,38,38,38,38,38,38,38,38,38,38,38,38,39,42,45,49,53,57,62,67,73,79,85,91,97,104,111,118,126,133,141,148,156,165,173,181,190,198,207,216,225,234,243,252,261,271,280,290,299,309,319,328
470,460,450,440,430,420,410,400,390,380,370,360,351,341,331,321,312,302,292,283,273,264,255,246,237,228,219,210,201,193,184,176,168,160,152,144,137,129,122,115,109,102,96,90,84,79,74,69,65,61,58,55,53,53,53,53,53,53,53,53,53,53,53,53,53,53,53,53,53,53,53,53,53,53,53,53,53,53,53,54,56,59,62,66,71,75,81,86,92,98,104,111,118,125,132,140,147,155,163,171,179,187,196,204,213,222,231,240,249,258,268,277,287,296,306,315,325,335,345,354,364,374,384,394,404,414,424,434,444,454,464
63
244,237,228,220,211,203,195,187,179,171,163,155,148,141,133,127,120,113,107,101,96,90,85,81,77,73,70,69,68,68,68,68,68,68,68,68,68,68,68,68,68,68,68,68,68,68,68,68,68,68,68,68,68,68,69,72,75,78,83,87,92,98,103,110,116,122,129,136,143,151,159,166,174,182,190,198,206,214,223,231,238,246
128,123,117,112,107,102,97,93,89,86,84,83,83,83,83,83,83,83,83,83,83,83,83,83,83,83,83,83,83,83,83,83,83,83,83,83,83,83,85,88,92,96,100,104,110,115,121,126
435,426,416,406,396,387,377,367,357,348,338,328,319,309,300,291,282,273,264,255,246,238,229,221,213,205,197,189,182,174,167,160,154,147,141,135,129,124,119,114,110,106,103,100,98,98,98,98,98,98,98,98,98,98,98,98,98,98,98,98,98,98,98,98,98,98,98,98,98,98,98,99,101,104,107,111,116,120,126,131,137,143,149,156,163,170,177,185,192,200,208,216,224,232,241,249,258,267,276,285,294,303,313,322,332,342,351,361,371,381,390,400,410,420,429,439
360,352,343,334,324,315,306,297,288,279,270,261,253,244,236,227,219,211,204,196,188,181,174,167,161,155,148,143,137,132,128,123,120,117,114,113,113,113,113,113,113,113,113,113,113,113,113,113,113,113,113,113,113,113,113,113,113,113,113,113,113,114,115,118,122,126,130,135,141,146,152,158,165,172,178,186,193,200,208,216,224,232,241,249,258,266,275,284,293,302,311,321,330,339,349,358
257,249,242,234,226,219,211,203,196,189,182,175,169,163,157,151,146,142,137,134,131,129,128,128,128,128,128,128,128,128,128,128,128,128,128,128,128,128,128,128,128,128,128,128,128,128,128,128,129,132,135,139,143,148,153,159,165,171,178,185,192,199,206,214,222,230,237,245,252,259
166,161,157,152,149,146,144,143,143,143,143,143,143,143,143,143,143,143,143,143,143,143,143,143,143,143,143,143,143,143,143,143,143,144,145,148,152,156,159,164
214,209,203,197,191,186,181,176,172,168,165,162,159,158,158,158,158,158,158,158,158,158,158,158,158,158,158,158,158,158,158,158,158,158,158,158,158,158,158,158,158,160,163,166,170,174,178,183,188,193,199,206,211
163
321,315,307,299,291,283,275,268,260,253,246,239,233,226,220,214,208,203,198,193,189,185,181,178,175,173,173,173,173,173,173,173,173,173,173,173,173,173,173,173,173,173,173,173,173,173,173,173,173,173,173,173,173,174,177,180,183,187,192,196,201,206,212,218,224,230,237,244,250,257,265,272,280,288,296,304,312
402,393,384,375,366,357,348,340,331,323,315,306,298,291,283,276,268,261,254,247,241,235,229,223,217,212,207,203,199,195,192,189,188,188,188,188,188,188,188,188,188,188,188,188,188,188,188,188,188,188,188,188,188,188,188,188,188,188,188,188,190,193,197,200,204,209,214,219,225,231,237,243,250,256,264,271,278,286,293,301,309,317,326,334,343,351,360,369,378,387,396,405
734,724,714,704,694,684,674,664,654,644,634,624,614,604,594,584,574,564,554,544,534,524,514,504,495,485,475,465,456,446,437,427,418,408,399,390,381,372,363,354,346,337,329,321,313,305,297,290,282,275,268,261,254,248,242,236,231,225,221,216,212,209,206,204,203,203,203,203,203,203,203,203,203,203,203,203,203,203,203,203,203,203,203,203,203,203,203,203,203,203,203,205,208,211,215,219,224,229,234,240,246,252,259,265,272,279,287,294,302,310,318,326,334,343,351,360,369,378,387,396,405,414,423,433,442,452,462,471,481,491,501,510,520,530,540,550,560,570,580,590,600,610,620,630,640,650,660,670,680,690,700,710,720,730,740
253,248,243,238,234,229,226,223,220,218,218,218,218,218,218,218,218,218,218,218,218,218,218,218,218,218,218,218,218,218,218,218,218,218,218,218,219,221,223,227,231,235,239,244,249,254
343,336,329,321,314,306,299,293,286,280,274,268,263,258,253,249,245,241,238,235,233,233,233,233,233,233,233,233,233,233,233,233,233,233,233,233,233,233,233,233,233,233,233,233,233,233,233,233,234,237,240,243,247,252,256,261,266,272,278,284,290,297,304,311,318,326,334,341,348
453,444,435,427,417,409,400,391,383,375,366,358,351,343,336,328,321,314,307,301,295,289,283,277,272,267,263,259,255,252,249,248,248,248,248,248,248,248,248,248,248,248,248,248,248,248,248,248,248,248,248,248,248,248,248,248,248,248,248,250,253,257,260,264,269,274,279,285,291,297,303,310,316,324,331,338,346,353,361,369,377,386,394,403,412,421,430,439,447,455
574,564,555,545,535,526,516,506,497,487,478,468,459,450,441,432,423,414,406,397,389,381,373,365,357,350,342,335,328,321,314,308,302,296,291,285,281,276,272,269,266,264,263,263,263,263,263,263,263,263,263,263,263,263,263,263,263,263,263,263,263,263,263,263,263,263,263,263,263,265,268,271,275,279,284,289,294,300,306,312,319,325,332,339,347,354,362,370,378,386,394,403,411,420,429,438,447,456,465,474,483,493,502,512,522,532,541,551,561,570
347,340,333,327,321,315,309,304,299,294,290,286,283,280,278,278,278,278,278,278,278,278,278,278,278,278,278,278,278,278,278,278,278,278,278,278,278,278,278,278,278,279,281,284,288,291,296,301,306,311,317,323,329,336,342,348,354
282
536,527,518,509,500,490,481,472,463,454,445,436,427,419,411,403,395,387,380,372,365,358,351,344,338,332,326,321,315,311,306,302,299,296,294,293,293,293,293,293,293,293,293,293,293,293,293,293,293,293,293,293,293,293,293,293,293,293,293,293,293,293,295,298,301,305,309,314,319,324,330,336,342,349,355,362,369,377,384,392,400,408,416,424,433,442,450,459,468,477,487,496,505,515,524,533
467,460,451,443,435,427,419,411,403,395,388,381,373,367,360,353,347,341,336,330,325,321,317,313,310,309,308,308,308,308,308,308,308,308,308,308,308,308,308,308,308,308,308,308,308,308,308,308,308,308,308,308,309,312,315,318,323,327,332,338,343,350,356,362,369,376,383,391,399,406,414,422,430,438,446,454,463,470
368,363,357,352,347,342,337,333,329,326,324,323,323,323,323,323,323,323,323,323,323,323,323,323,323,323,323,323,323,323,323,323,323,323,323,323,323,323,325,328,332,336,340,344,350,355,361,366
333
708,698,688,678,669,659,649,639,630,620,610,600,591,581,572,562,553,543,534,525,516,507,498,489,481,472,464,456,448,440,432,425,417,410,403,396,389,383,377,371,366,360,356,351,347,344,341,339,338,338,338,338,338,338,338,338,338,338,338,338,338,338,338,338,338,338,338,338,338,338,338,338,338,338,338,340,343,346,350,354,359,364,369,375,381,387,394,400,407,414,422,429,437,445,453,461,469,478,486,495,504,513,522,531,540,549,558,568,577,587,597,606,616,626,635,645,655,665,675,684,694,704
529,522,513,505,496,488,480,472,464,456,448,440,433,426,418,412,405,398,392,386,381,375,370,366,362,358,355,354,353,353,353,353,353,353,353,353,353,353,353,353,353,353,353,353,353,353,353,353,353,353,353,353,353,353,354,357,360,363,368,372,377,383,388,395,401,407,414,421,428,436,444,451,459,467,475,483,491,499,508,516,523,531
413,408,402,397,392,387,382,378,374,371,369,368,368,368,368,368,368,368,368,368,368,368,368,368,368,368,368,368,368,368,368,368,368,368,368,368,368,368,370,373,377,381,385,389,395,400,406,411
641,632,623,613,604,594,585,576,567,558,549,540,531,523,514,506,498,490,482,474,467,459,452,445,439,432,426,420,414,409,404,399,395,391,388,385,383,383,383,383,383,383,383,383,383,383,383,383,383,383,383,383,383,383,383,383,383,383,383,383,383,383,383,384,386,389,392,396,401,405,411,416,422,428,434,441,448,455,462,470,477,485,493,501,509,517,526,534,543,552,561,570,579,588,598,607,617,626,636,645
434,429,424,419,415,411,407,403,401,399,398,398,398,398,398,398,398,398,398,398,398,398,398,398,398,398,398,398,398,398,398,398,398,398,398,398,398,400,403,406,409,414,418,422,427
488,481,474,468,462,456,451,445,440,435,431,427,423,420,417,414,413,413,413,413,413,413,413,413,413,413,413,413,413,413,413,413,413,413,413,413,413,413,413,413,413,413,413,413,415,418,421,425,429,433,438,443,448,453,459,465,471,477,484,491
560,552,543,536,528,520,513,506,499,493,486,480,474,468,463,458,453,448,444,440,436,433,430,428,428,428,428,428,428,428,428,428,428,428,428,428,428,428,428,428,428,428,428,428,428,428,428,428,428,428,428,429,432,435,438,442,446,451,456,461,466,472,478,484,490,497,504,510,518,525,532,540,548,556
616,607,599,590,582,574,566,558,550,542,535,527,520,514,507,500,494,488,482,476,471,466,462,457,453,450,447,444,443,443,443,443,443,443,443,443,443,443,443,443,443,443,443,443,443,443,443,443,443,443,443,443,443,443,443,443,445,448,451,455,459,463,468,473,478,484,490,496,503,509,516,523,530,538,545,553,561,569,577,585,593,602,611
683,675,666,657,648,639,630,621,613,604,596,587,579,571,563,556,548,541,534,526,520,513,507,501,495,489,484,479,474,470,467,463,460,458,458,458,458,458,458,458,458,458,458,458,458,458,458,458,458,458,458,458,458,458,458,458,458,458,458,458,458,459,462,465,469,473,477,482,487,493,499,505,511,517,524,531,538,546,553,561,568,576,585,593,601,610,618,627,636,645,654,663,672
1520,1510,1500,1490,1480,1470,1460,1450,1440,1430,1420,1410,1400,1390,1380,1370,1360,1350,1340,1330,1320,1310,1300,1290,1280,1270,1260,1250,1240,1230,1220,1210,1200,1190,1180,1170,1160,1150,1140,1130,1120,1110,1100,1090,1080,1070,1060,1050,1040,1030,1020,1010,1000,990,980,970,960,950,940,930,920,910,900,890,880,870,860,850,840,830,820,810,800,790,780,771,761,751,741,732,722,712,703,693,684,675,666,657,648,639,630,621,613,604,596,588,580,572,564,557,549,542,535,529,522,516,510,504,499,494,489,485,481,478,475,473,473,473,473,473,473,473,473,473,473,473,473,473,473,473,473,473,473,473,473,473,473,473,473,473,473,473,474,476,479,482,486,491,495,501,506,512,518,524,531,538,545,552,560,567,575,583,591,599,607,616,624,633,642,651,660,669,678,688,697,707,716,726,735,745,755,765,774,784,794,804,814,824,834,844,854,864,874,884,894,904,914,924,934,944,954,964,974,984,994,1004,1014,1024,1034,1044,1054,1064,1074,1084,1094,1104,1114,1124,1134,1144,1154,1164,1174,1184,1194,1204,1214,1224,1234,1244,1254,1264,1274,1284,1294,1304,1314,1324,1334,1344,1354,1364,1374,1384,1394,1404,1414,1424,1434,1444,1454,1464,1474,1484,1494,1504,1514
477
481
722,713,704,695,686,677,668,659,650,641,633,624,616,607,599,591,583,575,568,561,553,547,540,533,527,521,516,510,505,501,497,493,490,489,488,488,488,488,488,488,488,488,488,488,488,488,488,488,488,488,488,488,488,488,488,488,488,488,488,488,489,492,495,498,503,507,512,518,523,530,536,542,549,556,563,571,579,586,594,602,611,619,628,636,645,654,663,671,681,689,699,707,716
530,526,521,517,513,509,506,504,503,503,503,503,503,503,503,503,503,503,503,503,503,503,503,503,503,503,503,503,503,503,503,503,503,503,503,505,507,511,515,519,524,529,534
614,607,599,591,584,578,571,565,559,553,547,542,537,533,529,525,522,519,518,518,518,518,518,518,518,518,518,518,518,518,518,518,518,518,518,518,518,518,518,518,518,518,518,518,518,518,520,523,527,530,534,539,544,549,555,561,567,573,580,587,595,602,610,617,624
883,874,864,854,844,835,825,815,805,796,786,776,767,757,748,738,729,720,711,702,693,684,676,667,659,651,643,635,627,620,612,605,598,591,584,578,572,566,561,555,551,546,542,539,536,534,533,533,533,533,533,533,533,533,533,533,533,533,533,533,533,533,533,533,533,533,533,533,533,533,533,533,533,535,538,541,545,549,554,559,564,570,576,582,589,595,602,609,617,624,632,640,648,656,664,673,681,690,699,708,717,726,735,744,753,763,772,782,792,802,811,821,831,841,850,860,870,880,889
820,812,803,793,784,774,765,756,746,737,728,719,710,701,693,684,676,667,659,651,643,635,628,621,613,607,600,593,587,581,576,570,565,561,557,553,550,549,548,548,548,548,548,548,548,548,548,548,548,548,548,548,548,548,548,548,548,548,548,548,548,548,548,548,549,552,555,558,563,567,572,578,583,590,596,602,609,616,623,631,639,646,654,662,671,679,688,696,705,714,723,732,741,750,759,769,778,788,797,807,816
639,632,626,619,613,606,600,594,588,583,578,574,570,567,564,563,563,563,563,563,563,563,563,563,563,563,563,563,563,563,563,563,563,563,563,563,563,563,563,563,563,564,566,569,572,577,581,586,592,598,604,610,617,624,630,637,643
599,594,591,587,583,580,579,578,578,578,578,578,578,578,578,578,578,578,578,578,578,578,578,578,578,578,578,578,578,578,578,578,578,579,581,584,587,592,596,601
704,696,688,680,673,666,659,653,646,640,634,628,623,618,613,609,605,601,598,595,593,593,593,593,593,593,593,593,593,593,593,593,593,593,593,593,593,593,593,593,593,593,593,593,593,593,593,593,594,597,600,603,607,612,616,621,626,632,638,644,650,657,664,670,677,685,693,701,709
777,769,760,751,743,735,726,718,711,703,696,688,681,674,667,661,655,649,643,637,632,627,623,619,615,612,609,608,608,608,608,608,608,608,608,608,608,608,608,608,608,608,608,608,608,608,608,608,608,608,608,608,608,608,608,610,613,617,620,624,629,634,639,645,651,657,663,670,676,684,691,698,706,713,721,729,737,746,754,763,772,781
855,846,837,827,818,810,801,792,783,774,766,757,749,741,733,725,717,710,702,695,688,681,674,668,662,656,651,645,641,636,632,629,626,624,623,623,623,623,623,623,623,623,623,623,623,623,623,623,623,623,623,623,623,623,623,623,623,623,623,623,623,625,628,631,635,639,644,649,654,660,666,672,679,685,692,699,707,714,722,730,738,746,754,763,771,780,789,797,806,815,824,833,842,851,860
623
707,700,693,687,681,675,669,664,659,654,650,646,643,640,638,638,638,638,638,638,638,638,638,638,638,638,638,638,638,638,638,638,638,638,638,638,638,638,638,638,638,639,641,644,648,651,656,661,666,671,677,683,689,696,702,708,714
1012,1003,993,984,974,964,954,944,935,925,915,906,896,887,877,868,858,849,840,831,822,813,804,796,787,779,771,763,755,747,740,732,725,718,711,704,698,692,686,681,675,671,666,662,659,656,654,653,653,653,653,653,653,653,653,653,653,653,653,653,653,653,653,653,653,653,653,653,653,653,653,653,653,653,655,658,661,665,669,674,679,684,690,696,702,709,715,722,729,737,744,752,760,768,776,784,793,801,810,819,828,837,846,855,864,873,883,892,902,912,921,931,941,950,960,970,980,990,999,1008
737,730,723,717,711,705,699,694,689,684,680,676,673,670,668,668,668,668,668,668,668,668,668,668,668,668,668,668,668,668,668,668,668,668,668,668,668,668,668,668,668,669,671,674,678,681,686,691,696,701,707,713,719,726,732,738,744
905,897,888,879,870,861,852,844,835,826,817,809,801,793,785,777,770,762,755,748,741,734,728,722,716,711,705,701,696,692,689,686,684,683,683,683,683,683,683,683,683,683,683,683,683,683,683,683,683,683,683,683,683,683,683,683,683,683,683,683,685,688,691,695,699,704,709,714,720,726,732,739,745,752,759,767,774,782,790,798,806,814,823,832,840,849,858,867,876,885,894,903
767,760,753,747,741,735,729,724,719,714,710,706,703,700,698,698,698,698,698,698,698,698,698,698,698,698,698,698,698,698,698,698,698,698,698,698,698,698,698,698,698,699,701,704,708,711,716,721,726,731,737,743,749,756,762,768,774
983,975,966,956,947,937,928,918,909,900,891,882,873,864,856,847,839,831,823,815,807,800,792,785,778,771,764,758,752,746,741,735,731,726,722,719,716,714,713,713,713,713,713,713,713,713,713,713,713,713,713,713,713,713,713,713,713,713,713,713,713,713,713,713,713,715,718,721,725,729,734,739,744,750,756,762,769,775,782,789,797,804,812,820,828,836,844,853,861,870,879,888,897,906,915,924,933,943,952,962,971,979
763,758,753,748,744,739,736,733,730,728,728,728,728,728,728,728,728,728,728,728,728,728,728,728,728,728,728,728,728,728,728,728,728,728,728,728,729,731,733,737,741,745,749,754,759,764
853,846,839,831,824,816,809,803,796,790,784,778,773,768,763,759,755,751,748,745,743,743,743,743,743,743,743,743,743,743,743,743,743,743,743,743,743,743,743,743,743,743,743,743,743,743,743,743,744,747,750,753,757,762,766,771,776,782,788,794,800,807,814,821,828,836,844,851,858
751
751
948,940,931,922,913,904,896,887,879,871,863,856,848,841,834,826,820,813,807,801,795,789,784,779,774,770,767,763,760,758,758,758,758,758,758,758,758,758,758,758,758,758,758,758,758,758,758,758,758,758,758,758,758,758,758,758,758,759,762,765,769,773,777,782,787,793,799,805,811,817,824,831,838,846,853,861,868,876,885,893,901,910,919,927,937,945
1097,1090,1080,1070,1061,1051,1041,1032,1022,1012,1003,993,984,975,966,957,948,939,930,921,913,904,896,888,880,872,864,857,849,842,835,829,822,816,810,804,799,794,789,785,781,778,775,773,773,773,773,773,773,773,773,773,773,773,773,773,773,773,773,773,773,773,773,773,773,773,773,773,773,773,774,776,779,782,786,791,795,801,806,812,818,824,831,838,845,852,860,867,875,883,891,899,907,916,924,933,942,951,960,969,978,988,997,1007,1016,1026,1035,1045,1055,1064,1074,1084,1094
966,958,951,943,934,926,918,910,902,894,886,879,871,863,856,849,842,836,830,823,818,812,807,803,798,795,792,789,788,788,788,788,788,788,788,788,788,788,788,788,788,788,788,788,788,788,788,788,788,788,788,788,788,788,789,790,793,797,801,805,810,816,821,827,833,840,847,853,861,868,875,883,891,899,907,915,923,931,940,948,957,964
846,841,835,830,824,820,816,812,808,805,803,803,803,803,803,803,803,803,803,803,803,803,803,803,803,803,803,803,803,803,803,803,803,803,803,803,803,804,806,809,813,817,822,827,832,837,843,848
1069,1061,1052,1042,1033,1023,1014,1005,996,987,978,969,961,952,944,936,928,920,912,905,897,890,883,876,869,863,857,851,846,840,836,831,827,824,821,819,818,818,818,818,818,818,818,818,818,818,818,818,818,818,818,818,818,818,818,818,818,818,818,818,818,818,818,820,823,826,830,834,839,844,849,855,861,867,874,880,887,894,902,909,917,925,933,941,949,958,966,975,984,993,1002,1011,1020,1029,1039,1048,1057,1065
861,856,852,847,843,839,836,833,832,831,832,831,832,831,832,831,832,831,832,832,832,833,832,832,832,831,832,831,832,831,832,831,832,831,832,833,834,837,841,844,848,853,858,862
991,984,976,967,959,951,943,936,928,921,914,907,900,894,888,882,876,871,866,861,857,854,850,847,845,845,845,845,845,845,845,845,845,845,845,845,845,845,845,845,845,845,845,845,845,845,845,845,845,845,845,845,846,849,852,856,860,864,869,874,880,886,892,898,904,911,918,925,933,940,949,956,964,973,981,989
1519,1509,1499,1490,1480,1470,1460,1451,1441,1431,1421,1412,1402,1392,1382,1372,1363,1353,1343,1333,1324,1314,1304,1294,1284,1275,1265,1255,1245,1236,1226,1216,1206,1197,1187,1177,1167,1157,1148,1138,1128,1119,1109,1099,1090,1080,1071,1062,1053,1044,1035,1026,1017,1008,1000,991,983,975,967,959,951,944,936,929,922,916,909,903,897,891,886,881,876,872,868,865,862,860,860,860,860,860,860,860,860,860,860,860,860,860,860,860,860,860,860,860,860,860,860,860,860,860,860,860,861,863,866,869,873,878,882,888,893,899,905,911,918,925,932,939,947,954,962,970,978,986,994,1003,1011,1020,1029,1038,1047,1056,1065,1075,1084,1094,1103,1113,1122,1132,1142,1151,1161,1171,1181,1191,1200,1210,1220,1230,1240,1249,1259,1269,1279,1288,1298,1308,1318,1328,1337,1347,1357,1367,1377,1386,1396,1406,1416,1426,1435,1445,1455,1465,1475,1484,1494,1504,1514
924,919,913,907,902,897,892,888,884,880,878,876,875,875,875,875,875,875,875,875,875,875,875,875,875,875,875,875,875,875,875,875,875,875,875,875,875,875,875,877,880,883,886,891,895,900,905,911,916,923,928
1051,1043,1034,1026,1017,1009,1001,993,985,978,970,963,956,949,943,937,931,925,919,914,909,905,901,897,894,891,890,890,890,890,890,890,890,890,890,890,890,890,890,890,890,890,890,890,890,890,890,890,890,890,890,890,890,890,892,895,899,902,906,911,916,921,927,933,939,945,952,958,966,973,980,988,996,1004,1012,1021,1029,1037,1043,1050
1519,1510,1501,1492,1483,1475,1466,1457,1449,1440,1431,1423,1414,1406,1397,1389,1380,1371,1363,1354,1346,1337,1328,1320,1311,1302,1294,1285,1277,1268,1260,1251,1242,1234,1225,1215,1206,1196,1187,1177,1168,1158,1148,1139,1129,1120,1110,1101,1092,1083,1074,1065,1056,1048,1039,1031,1023,1015,1007,999,992,984,977,970,963,956,950,944,938,933,927,923,918,914,911,908,906,905,905,905,905,905,905,905,905,905,905,905,905,905,905,905,905,905,905,905,905,905,905,905,905,905,905,905,907,910,913,917,921,926,931,936,942,948,954,961,967,974,981,989,996,1004,1012,1020,1028,1036,1045,1053,1062,1071,1080,1089,1098,1107,1116,1126,1135,1145,1154,1164,1173,1183,1192,1201,1209,1216,1224,1232,1239,1247,1255,1262,1270,1278,1285,1293,1301,1308,1316,1324,1331,1339,1347,1355,1362,1370,1378,1385,1393,1401,1408,1416,1424,1431,1439,1447,1454,1462,1470,1477,1485,1493,1500,1508,1516
973,968,961,956,950,945,940,936,931,928,925,922,920,920,920,920,920,920,920,920,920,920,920,920,920,920,920,920,920,920,920,920,920,920,920,920,920,920,920,921,923,925,929,933,937,942,947,952,958,964,969
1095,1088,1082,1074,1066,1057,1049,1041,1033,1025,1018,1011,1003,997,990,984,978,972,966,961,956,951,947,944,940,937,935,935,935,935,935,935,935,935,935,935,935,935,935,935,935,935,935,935,935,935,935,935,935,935,935,935,935,935,936,939,942,946,950,954,959,964,970,976,982,988,994,1001,1008,1015,1023,1030,1038,1046,1054,1062,1071,1079,1088,1096
1160,1151,1142,1133,1124,1116,1107,1098,1090,1081,1073,1065,1057,1049,1041,1034,1026,1019,1012,1006,999,993,987,981,976,971,966,962,958,955,952,950,950,950,950,950,950,950,950,950,950,950,950,950,950,950,950,950,950,950,950,950,950,950,950,950,950,950,951,953,956,959,963,968,972,978,983,989,995,1001,1008,1015,1022,1029,1037,1044,1052,1060,1068,1076,1084,1093,1101,1110,1119,1128,1137,1146,1155,1162
1041,1035,1029,1023,1016,1010,1004,998,993,988,983,978,975,971,968,966,965,965,965,965,965,965,965,965,965,965,965,965,965,965,965,965,965,965,965,965,965,965,965,965,965,965,965,967,970,973,977,981,986,991,996,1002,1008,1014,1020,1027,1034
1218,1210,1200,1191,1182,1173,1164,1155,1146,1137,1128,1120,1111,1103,1095,1087,1079,1071,1064,1056,1049,1042,1036,1029,1023,1017,1011,1006,1001,996,992,988,985,982,980,980,980,980,980,980,980,980,980,980,980,980,980,980,980,980,980,980,980,980,980,980,980,980,980,980,980,981,983,986,989,993,998,1002,1008,1013,1019,1025,1031,1038,1045,1052,1059,1067,1074,1082,1090,1098,1106,1114,1123,1131,1140,1149,1158,1167,1176,1185,1195,1204,1213
1205,1196,1188,1179,1170,1161,1152,1143,1135,1126,1118,1109,1101,1093,1086,1078,1070,1063,1056,1049,1043,1037,1030,1025,1019,1014,1010,1005,1002,999,996,995,995,995,995,995,995,995,995,995,995,995,995,995,995,995,995,995,995,995,995,995,995,995,995,995,995,996,997,1000,1004,1008,1012,1017,1023,1028,1034,1040,1047,1054,1060,1068,1075,1082,1090,1098,1106,1114,1123,1131,1140,1148,1157,1166,1175,1184,1193,1201
1157,1149,1141,1133,1124,1117,1108,1101,1093,1085,1078,1071,1064,1057,1051,1045,1039,1033,1028,1024,1019,1016,1013,1011,1010,1010,1010,1010,1010,1010,1010,1010,1010,1010,1010,1010,1010,1010,1010,1010,1010,1010,1010,1010,1010,1010,1010,1010,1010,1010,1011,1014,1017,1021,1025,1030,1035,1041,1047,1053,1060,1067,1074,1081,1088,1096,1104,1112,1120,1128,1136,1144,1152,1159
1101,1096,1090,1083,1076,1070,1063,1057,1051,1046,1041,1036,1032,1029,1026,1025,1025,1025,1025,1025,1025,1025,1025,1025,1025,1025,1025,1025,1025,1025,1025,1025,1025,1025,1025,1025,1025,1025,1025,1025,1025,1026,1028,1031,1035,1039,1044,1049,1055,1061,1067,1074,1081,1087,1094,1100
1061,1057,1053,1049,1045,1042,1041,1040,1040,1040,1040,1040,1040,1040,1040,1040,1040,1040,1040,1040,1040,1040,1040,1040,1040,1040,1040,1040,1040,1040,1040,1040,1040,1041,1043,1046,1050,1054,1059
1253,1245,1236,1227,1218,1210,1201,1193,1184,1176,1168,1160,1153,1145,1138,1131,1123,1117,1110,1104,1098,1092,1086,1081,1076,1071,1067,1064,1060,1057,1055,1055,1055,1055,1055,1055,1055,1055,1055,1055,1055,1055,1055,1055,1055,1055,1055,1055,1055,1055,1055,1055,1055,1055,1055,1055,1055,1055,1056,1059,1062,1066,1070,1074,1079,1084,1090,1096,1102,1108,1114,1121,1128,1135,1143,1150,1158,1165,1173,1182,1190,1198,1207,1215,1224,1233,1242,1250
1317,1308,1300,1290,1281,1272,1263,1254,1245,1236,1227,1218,1210,1201,1193,1185,1177,1169,1161,1154,1146,1139,1132,1126,1119,1113,1107,1101,1096,1091,1086,1082,1078,1075,1072,1070,1070,1070,1070,1070,1070,1070,1070,1070,1070,1070,1070,1070,1070,1070,1070,1070,1070,1070,1070,1070,1070,1070,1070,1070,1070,1070,1071,1073,1076,1079,1083,1088,1092,1098,1103,1109,1115,1121,1128,1135,1142,1149,1157,1164,1172,1180,1188,1196,1204,1213,1221,1230,1239,1248,1257,1266,1275,1285,1294,1303,1312,1320,1329,1337,1345,1352,1360
1320,1313,1305,1296,1287,1278,1269,1260,1251,1242,1233,1225,1216,1208,1199,1191,1183,1176,1168,1160,1153,1146,1139,1133,1127,1120,1115,1109,1104,1100,1095,1092,1089,1086,1085,1085,1085,1085,1085,1085,1085,1085,1085,1085,1085,1085,1085,1085,1085,1085,1085,1085,1085,1085,1085,1085,1085,1085,1085,1085,1086,1087,1090,1094,1098,1102,1107,1113,1118,1124,1130,1137,1144,1150,1158,1165,1172,1180,1188,1196,1204,1213,1221,1230,1238,1247,1256,1265,1274,1283,1292,1302,1309
1125,1120,1116,1112,1108,1104,1102,1100,1100,1100,1100,1100,1100,1100,1100,1100,1100,1100,1100,1100,1100,1100,1100,1100,1100,1100,1100,1100,1100,1100,1100,1100,1100,1100,1101,1103,1106,1110,1113,1118,1122,1127
1181,1174,1168,1161,1155,1150,1145,1140,1135,1131,1127,1123,1120,1117,1115,1115,1115,1115,1115,1115,1115,1115,1115,1115,1115,1115,1115,1115,1115,1115,1115,1115,1115,1115,1115,1115,1115,1115,1115,1115,1115,1115,1116,1119,1122,1125,1129,1133,1138,1143,1148,1153,1159,1165,1172,1178,1185
1246,1238,1230,1222,1214,1207,1201,1194,1187,1181,1175,1169,1163,1158,1153,1149,1144,1140,1137,1134,1131,1130,1130,1130,1130,1130,1130,1130,1130,1130,1130,1130,1130,1130,1130,1130,1130,1130,1130,1130,1130,1130,1130,1130,1130,1130,1130,1130,1130,1132,1135,1138,1142,1146,1150,1155,1160,1165,1171,1177,1183,1190,1196,1203,1210,1217,1225,1233,1241
1306,1300,1291,1283,1274,1266,1258,1250,1243,1235,1228,1221,1213,1207,1200,1194,1188,1182,1176,1171,1166,1161,1157,1154,1150,1147,1145,1145,1145,1145,1145,1145,1145,1145,1145,1145,1145,1145,1145,1145,1145,1145,1145,1145,1145,1145,1145,1145,1145,1145,1145,1145,1145,1145,1146,1149,1152,1156,1160,1164,1169,1174,1180,1186,1192,1198,1204,1211,1218,1225,1233,1240,1248,1255,1263,1272,1280,1288,1297
1407,1398,1390,1380,1371,1362,1353,1344,1335,1326,1317,1308,1300,1291,1283,1275,1267,1259,1251,1244,1236,1229,1222,1216,1209,1203,1197,1191,1186,1181,1176,1172,1168,1165,1162,1160,1160,1160,1160,1160,1160,1160,1160,1160,1160,1160,1160,1160,1160,1160,1160,1160,1160,1160,1160,1160,1160,1160,1160,1160,1160,1160,1161,1163,1166,1169,1173,1178,1182,1188,1193,1199,1205,1211,1218,1225,1232,1239,1247,1254,1262,1270,1278,1286,1294,1303,1311,1320,1329,1338,1347,1356
1464,1456,1449,1441,1433,1423,1414,1405,1395,1386,1377,1368,1359,1350,1341,1332,1323,1315,1306,1298,1289,1281,1273,1266,1258,1250,1243,1236,1229,1223,1217,1210,1205,1199,1194,1190,1185,1182,1179,1176,1175,1175,1175,1175,1175,1175,1175,1175,1175,1175,1175,1175,1175,1175,1175,1175,1175,1175,1175,1175,1175,1175,1175,1175,1175,1175,1176,1177,1180,1184,1188,1192,1197,1203,1208,1214,1220,1227,1234,1240,1248,1255,1262,1270,1278,1286,1294,1303,1311,1320,1328,1337,1346,1355,1364,1373,1382,1392,1399
1215,1211,1206,1202,1198,1194,1192,1190,1190,1190,1190,1190,1190,1190,1190,1190,1190,1190,1190,1190,1190,1190,1190,1190,1190,1190,1190,1190,1190,1190,1190,1190,1190,1190,1191,1193,1196,1200,1203,1208,1212,1217
1285,1279,1272,1266,1259,1252,1246,1240,1235,1230,1225,1221,1217,1213,1210,1207,1205,1205,1205,1205,1205,1205,1205,1205,1205,1205,1205,1205,1205,1205,1205,1205,1205,1205,1205,1205,1205,1205,1205,1205,1205,1205,1205,1205,1206,1209,1212,1215,1219,1224,1228,1233,1238,1244,1250,1257,1263,1270,1277,1284
1364,1356,1347,1339,1331,1323,1315,1308,1300,1293,1286,1279,1273,1267,1261,1255,1249,1244,1239,1235,1231,1227,1224,1221,1220,1220,1220,1220,1220,1220,1220,1220,1220,1220,1220,1220,1220,1220,1220,1220,1220,1220,1220,1220,1220,1220,1220,1220,1220,1220,1220,1220,1222,1225,1229,1232,1236,1241,1246,1251,1257,1263,1269,1275,1282,1288,1296,1303,1310,1318,1325,1333,1342,1350,1359,1366
1224
1428,1422,1413,1404,1395,1386,1378,1369,1361,1353,1345,1337,1329,1322,1314,1307,1300,1293,1286,1280,1274,1268,1263,1257,1253,1248,1244,1241,1238,1236,1235,1235,1235,1235,1235,1235,1235,1235,1235,1235,1235,1235,1235,1235,1235,1235,1235,1235,1235,1235,1235,1235,1235,1235,1235,1235,1235,1237,1240,1243,1247,1251,1256,1261,1266,1272,1278,1284,1291,1297,1304,1311,1319,1326,1334,1342,1350,1358,1366,1375,1383,1392,1401,1410,1418,1427,1436,1444
1319,1312,1305,1299,1293,1287,1281,1276,1271,1266,1262,1258,1255,1252,1250,1250,1250,1250,1250,1250,1250,1250,1250,1250,1250,1250,1250,1250,1250,1250,1250,1250,1250,1250,1250,1250,1250,1250,1250,1250,1250,1251,1253,1256,1260,1263,1268,1273,1278,1283,1289,1295,1301,1308,1314,1320,1326
1451,1443,1434,1425,1416,1408,1399,1391,1383,1375,1367,1359,1352,1344,1337,1330,1323,1316,1310,1304,1298,1293,1287,1283,1278,1274,1271,1268,1266,1265,1265,1265,1265,1265,1265,1265,1265,1265,1265,1265,1265,1265,1265,1265,1265,1265,1265,1265,1265,1265,1265,1265,1265,1265,1265,1265,1267,1270,1273,1277,1281,1286,1291,1296,1302,1308,1314,1321,1327,1334,1341,1349,1356,1364,1372,1380,1388,1396,1405,1413,1422,1431,1439,1448,1457,1466,1475
1349,1342,1335,1329,1323,1317,1311,1306,1301,1296,1292,1288,1285,1282,1280,1280,1280,1280,1280,1280,1280,1280,1280,1280,1280,1280,1280,1280,1280,1280,1280,1280,1280,1280,1280,1280,1280,1280,1280,1280,1280,1281,1283,1286,1290,1293,1298,1303,1308,1313,1319,1325,1331,1338,1344,1350,1356
1520,1510,1500,1491,1482,1473,1464,1455,1446,1438,1429,1421,1413,1405,1397,1389,1382,1374,1367,1360,1353,1346,1340,1334,1328,1323,1317,1313,1308,1304,1301,1298,1296,1295,1295,1295,1295,1295,1295,1295,1295,1295,1295,1295,1295,1295,1295,1295,1295,1295,1295,1295,1295,1295,1295,1295,1295,1295,1295,1295,1297,1300,1303,1307,1311,1316,1321,1326,1332,1338,1344,1351,1357,1364,1371,1379,1386,1394,1402,1410,1418,1426,1435,1443,1452,1461,1470,1479,1488,1497,1506,1516
1363,1358,1351,1346,1340,1335,1330,1326,1321,1318,1315,1312,1310,1310,1310,1310,1310,1310,1310,1310,1310,1310,1310,1310,1310,1310,1310,1310,1310,1310,1310,1310,1310,1310,1310,1310,1310,1310,1310,1311,1313,1315,1319,1323,1327,1332,1337,1342,1348,1354,1359
1322,1330,1338
1486,1478,1469,1461,1452,1444,1436,1428,1420,1413,1405,1398,1391,1384,1378,1372,1366,1360,1354,1349,1344,1340,1336,1332,1329,1326,1325,1325,1325,1325,1325,1325,1325,1325,1325,1325,1325,1325,1325,1325,1325,1325,1325,1325,1325,1325,1325,1325,1325,1325,1325,1325,1325,1325,1327,1330,1334,1337,1341,1346,1351,1356,1362,1368,1374,1380,1387,1393,1401,1408,1415,1423,1431,1439,1447,1456,1464,1472,1478,1485
1518,1509,1500,1491,1483,1474,1466,1458,1450,1442,1434,1427,1419,1412,1405,1398,1391,1385,1379,1373,1368,1362,1358,1353,1349,1346,1343,1341,1340,1340,1340,1340,1340,1340,1340,1340,1340,1340,1340,1340,1340,1340,1340,1340,1340,1340,1340,1340,1340,1340,1340,1340,1340,1340,1340,1342,1345,1348,1352,1356,1361,1366,1371,1377,1383,1389,1396,1402,1409,1416,1424,1431,1439,1447,1455,1463,1471,1480,1488,1497,1506,1514
1424,1417,1410,1404,1398,1392,1386,1381,1376,1371,1367,1363,1360,1357,1355,1355,1355,1355,1355,1355,1355,1355,1355,1355,1355,1355,1355,1355,1355,1355,1355,1355,1355,1355,1355,1355,1355,1355,1355,1355,1355,1356,1358,1361,1365,1368,1373,1378,1383,1388,1394,1400,1406,1413,1419,1425,1431
1520,1513,1504,1496,1488,1480,1472,1464,1457,1449,1442,1435,1428,1421,1415,1409,1403,1398,1392,1388,1383,1379,1376,1373,1371,1370,1370,1370,1370,1370,1370,1370,1370,1370,1370,1370,1370,1370,1370,1370,1370,1370,1370,1370,1370,1370,1370,1370,1370,1370,1370,1370,1372,1375,1378,1382,1386,1391,1396,1401,1407,1413,1419,1426,1432,1439,1446,1454,1461,1469,1477,1485,1493,1501,1510,1518
1372,1379
1516,1508,1499,1491,1483,1476,1468,1460,1453,1446,1439,1433,1427,1420,1415,1409,1404,1400,1395,1392,1389,1386,1385,1385,1385,1385,1385,1385,1385,1385,1385,1385,1385,1385,1385,1385,1385,1385,1385,1385,1385,1385,1385,1385,1385,1385,1385,1385,1386,1387,1390,1394,1398,1402,1407,1413,1418,1424,1430,1437,1444,1450,1458,1465,1472,1480,1488,1496,1504,1513,1520
1431,1426,1421,1416,1412,1408,1404,1402,1400,1400,1400,1400,1400,1400,1400,1400,1400,1400,1400,1400,1400,1400,1400,1400,1400,1400,1400,1400,1400,1400,1400,1400,1400,1400,1400,1401,1403,1406,1410,1414,1418,1423,1427
1515,1507,1499,1492,1484,1477,1470,1464,1458,1452,1446,1441,1436,1431,1427,1424,1420,1417,1415,1415,1415,1415,1415,1415,1415,1415,1415,1415,1415,1415,1415,1415,1415,1415,1415,1415,1415,1415,1415,1415,1415,1415,1415,1415,1415,1415,1416,1419,1422,1426,1430,1434,1439,1444,1450,1456,1462,1468,1475,1481,1488,1496,1504,1512,1520
1520,1514,1506,1499,1492,1486,1479,1473,1467,1461,1456,1451,1446,1442,1438,1435,1432,1430,1430,1430,1430,1430,1430,1430,1430,1430,1430,1430,1430,1430,1430,1430,1430,1430,1430,1430,1430,1430,1430,1430,1430,1430,1430,1430,1431,1433,1436,1439,1443,1448,1452,1458,1463,1469,1475,1481,1488,1495,1502,1509,1517
1516,1509,1503,1496,1490,1484,1478,1473,1468,1463,1458,1455,1451,1448,1446,1445,1445,1445,1445,1445,1445,1445,1445,1445,1445,1445,1445,1445,1445,1445,1445,1445,1445,1445,1445,1445,1445,1445,1445,1445,1445,1445,1447,1450,1453,1457,1461,1466,1471,1476,1482,1488,1494,1500,1506,1512,1519
1516,1509,1503,1497,1491,1486,1481,1476,1472,1468,1465,1462,1460,1460,1460,1460,1460,1460,1460,1460,1460,1460,1460,1460,1460,1460,1460,1460,1460,1460,1460,1460,1460,1460,1460,1460,1460,1460,1460,1461,1463,1466,1469,1473,1478,1482,1488,1493,1499,1505,1511,1518
1517,1510,1505,1499,1494,1490,1485,1482,1479,1476,1475,1475,1475,1475,1475,1475,1475,1475,1475,1475,1475,1475,1475,1475,1475,1475,1475,1475,1475,1475,1475,1475,1475,1475,1475,1475,1476,1477,1480,1484,1488,1492,1497,1503,1508,1514,1520
1476
1520,1515,1510,1505,1501,1497,1494,1491,1490,1490,1490,1490,1490,1490,1490,1490,1490,1490,1490,1490,1490,1490,1490,1490,1490,1490,1490,1490,1490,1490,1490,1490,1490,1490,1491,1493,1496,1499,1504,1508,1513,1519
1519,1515,1511,1508,1506,1505,1505,1505,1505,1505,1505,1505,1505,1505,1505,1505,1505,1505,1505,1505,1505,1505,1505,1505,1505,1505,1505,1505,1505,1505,1505,1506,1509,1512,1516,1520
1519,1518
1520,1520,1520,1520,1520,1520,1520,1520,1520,1520,1520,1520,1520,1520,1520,1520,1520,1520,1520,1520,1520,1520,1520,1520,1520,1520,1520
1520
1520
